{"cameraMode":{"drawMode":0,"name":"Shaded","section":"Shading Mode"},"sceneLighting":true,"audioPlay":false,"sceneViewState":{"m_AlwaysRefresh":false,"showFog":true,"showSkybox":true,"showFlares":true,"showImageEffects":true,"showParticleSystems":true,"showVisualEffectGraphs":true,"m_FxEnabled":true},"in2DMode":false,"pivot":{"x":12.183815002441407,"y":4.6862711906433109,"z":-6.405429840087891},"rotation":{"x":0.09728337824344635,"y":0.036719441413879397,"z":-0.003568678628653288,"w":0.9946087598800659},"size":9.91740894317627,"orthographic":false}